BU,Journey Name,Audience Name,Created,Last Modified,Status
MSD_Cluster_CLPE,GA360 Journey test,CL_mcon_doc-download,2022-06-03T06:34:19.15,2022-06-03T06:35:14.91,Draft
MSD_Malaysia,Pediatric_Regional_Vaccines_update Vidwatchers,My_mcon_vidwatchers25%_Pediatric Regional Vaccines_v2,2022-07-18T04:37:32.367,2022-07-18T04:38:20.743,Published
MSD_Malaysia,Pediatric_Regional_Vaccines_update Pagevisitors,my_mcon_pageclicks_Pediatric Regional Vaccines_v2,2022-07-18T04:15:59.47,2022-07-18T04:16:37.31,Published
MSD_Russia,Newsletter COVID-19 GA,follow up covid-19,2021-02-12T06:04:25.35,2021-02-14T01:17:16.89,Published
MSD_Taiwan,poc_majoy_ga360_journey,TW_mcon_Document download,2022-07-27T23:42:22.75,2022-07-27T23:42:22.75,Draft
MSD_Austria,hi1test ga360,AT_MSDC_DEMOSMFC-Download,2021-08-26T06:50:03.72,2021-09-13T01:32:09.507,Draft
MSD_Netherlands,Untire_GA_codes,NL-PROD-mcon-untire-codes,2023-08-25T02:43:38.917,2023-08-25T02:43:38.917,Draft
MSD_Netherlands,Untire contact update codes,NL-PROD-mcon-untire-codes,2023-07-11T02:17:39.81,2023-07-11T02:23:09.163,Published
MSD_Netherlands,TEST RAMIRO 3. PC - InPortal Halfway Through,NL - PROD - mcon - halfway audience,2021-09-30T22:58:07.073,2021-09-30T22:58:07.073,Draft
MSD_Netherlands,3. PC - InPortal Halfway Through,NL - PROD - mcon - halfway audience,2021-10-13T06:44:25.32,2021-10-13T07:51:13.377,Published
MSD_Netherlands,4. After Portal - Case 4 (Maria),NL - PROD - mcon - complete - case 4,2021-10-13T06:48:56.26,2021-10-13T07:53:01.423,Published
MSD_Netherlands,2. PC - InPortal - NoClickInCase,NL - PROD - mcon - no click audience,2021-10-13T06:56:03.23,2021-10-13T09:20:04.707,Published
MSD_Netherlands,PH360 - Column 2 - Journey 3 (OLD),NL-PROD-mcon-ph360,2023-12-05T05:20:21.307,2023-12-14T08:19:55.727,Draft
MSD_Netherlands,4. After Portal - Case 7 (Patricia),NL - PROD - mcon - complete - case 7,2021-10-13T06:40:13.35,2021-10-13T07:48:19.423,Published
MSD_Netherlands,PH360 - Column 2 - GA UUID (Journey 3),NL-PROD-mcon-ph360-2,2023-12-14T08:22:35.153,2023-12-14T08:52:30.953,Draft
MSD_Netherlands,4. After Portal - Case 2 (Jacob),NL - PROD - mcon - complete - case 2,2021-10-13T06:54:51.667,2021-10-13T07:58:53.067,Published
MSD_Netherlands,PH_GA_audience,NL-PROD-mcon-ph360,2023-09-22T07:37:50.87,2023-09-27T08:30:50.63,Published
MSD_Netherlands,Untire_GA_materials,NL-PROD-mcon-untire-material,2023-07-12T08:12:50.213,2023-07-13T07:10:08.603,Published
MSD_Netherlands,PH360 - Column 2 - GA UUID,NL-PROD-mcon-ph360-2,2023-12-14T08:50:45.58,2023-12-14T09:11:41.507,Published
MSD_Netherlands,Untire_GA_both,NL-PROD-mcon-untire-beide,2023-07-12T08:09:30.733,2023-07-13T07:11:58.147,Published
MSD_Netherlands,New Journey - October 13 2021 11.15 AM,NL - PROD - mcon - complete - case 1,2021-10-13T04:11:41.987,2021-10-13T04:11:41.987,Draft
MSD_Netherlands,Test GA360  IDs,NL-PROD-mcon-ph360-2,2023-12-08T10:14:05.463,2023-12-08T10:15:57.447,Published
MSD_Netherlands,4. After Portal - Case 1 (Anna),NL - PROD - mcon - complete - case 1,2021-10-13T06:50:53.26,2021-10-13T07:55:06.473,Published
MSD_Netherlands,4. After Portal - Case 6 (Richard),NL - PROD - mcon - complete - case 6,2021-10-13T06:53:02.697,2021-10-13T07:57:35.393,Published
MSD_Netherlands,GA360_test_source_campaign,NL_PROD_Mcon_Test_CampaignSource_Reg,2021-10-25T03:15:06.387,2021-10-25T03:15:06.387,Draft
MSD_Netherlands,GA360_test_negation_events_shai,NL_mcon_PROD_PatientCase_Banner,2021-10-29T07:45:03.7,2021-11-09T09:35:10.707,Draft
MSD_Japan,test_majoy_GA360_journey_usecase2,JP_mcon_Test Document Download,2020-11-23T21:12:56.303,2020-11-23T21:12:56.303,Draft
MSD_Japan,poc_majoy_JP_mcon_Tof Watch,JP_mcon_Test Document Download,2021-06-04T03:34:23.35,2021-06-17T03:33:55.243,Draft
MSD_Japan,TEST_JP_MA_BRI_TOF_recurring,JP_mcon_Tof Watch,2021-04-22T00:33:43.167,2021-05-21T00:21:49.817,Draft
MSD_Japan,test_majoy_GA360_journey,JP_mcon_Nox,2020-11-23T19:57:52.977,2022-07-15T02:41:42.183,Draft
MSD_Japan,New Journey - November 24 2023 at 1.55 PM,JP_Mcon_Test_10242023,2023-11-24T00:07:23.663,2023-11-24T00:07:23.663,Draft
MSD_Japan,TEST_JP_MA_BRI_TOF,JP_mcon_Tof Watch,2021-04-22T02:36:51.75,2021-04-22T02:37:03.127,Draft
MSD_Japan,JP_mcon_TestTofWatch_journey,JP_mcon_TestTofWatch,2021-06-17T20:59:36.157,2021-06-17T21:14:49.113,Draft
MSD_Japan,test_majoy_ga360audience,JP_mcon_Document Download,2021-05-20T20:31:30.057,2021-05-20T20:32:47.87,Draft
MSD_Indonesia,New Journey - November 11 2022 at 4.35 PM,ID_MCon_Pilot Customer Dx Ecosystem_Vaccine Passive,2022-11-11T02:36:04.347,2022-11-11T02:36:04.347,Draft
MSD_Israel,Test GA connector,IL_mcon_vid-watchers-50%,2021-01-05T04:57:42.97,2021-01-05T09:56:55.277,Draft
MSD_UK,GA360_expressor_test,UK_mcon_nonexpressor_wave2_75watch_video,2023-02-13T11:02:31.32,2023-02-17T05:57:39.27,Stopped
MSD_UK,ONC_KEYLUNG_Non-Expressor_Wave-2_CPDCertificate_75watch_Feb-23,UK_mcon_nonexpressor_wave2_75watch_video,2023-06-09T06:12:16.683,2023-06-09T07:51:09.297,Published
MSD_UK,ONC_KEYRCC_AdjRCCKeyLearning_Phase2_Watch75_GA360_BR_June-23,UK_MCON_Prod_AdjRCC_NaveedVideo_75%_Watched_June23,2023-06-29T07:11:46.143,2023-06-29T07:30:02.183,Draft
MSD_UK,ONC_KEYLUNG_Non-ExpresserCompleteVideo3,UK_mcon_prod_nonexpressor_playallvideos,2022-12-14T09:38:45.027,2022-12-14T09:40:41.13,Published
MSD_UK,GB-DOR-00411_Increase-Confidence-Delstrigo_Reminder-email_start-video-5_Feb-23,UK_mcon_doravirine_start_laura_video_5,2023-03-01T09:19:55.64,2023-03-02T07:41:47.887,Published
MSD_UK,GB-DOR-00411_Increase-Confidence-Delstrigo_Reminder-email _ start-video-1_Feb-23,UK_mcon_doravirine_start_laura_video_1,2023-03-01T09:15:13.47,2023-03-02T07:50:23.733,Published
MSD_UK, ONC_KEYLUNG_Non-Expressor_VisitCaseStudyPage1_OCT2022,UK_mcon_prod_nonexpressor_visitpage1,2022-12-14T09:46:31.433,2022-12-14T09:47:55.657,Published
MSD_UK,ONC_KEYLUNG_Non-Expressor_VisitCaseStudyPages_OCT2022,UK_mcon_prod_nonexpressor_visitpage,2022-12-14T09:45:26.097,2022-12-14T09:46:03.967,Published
MSD_UK,GB_RCC_00584_ONC_KEYRCC_AdjKeyLearning_Phase2_Certificate_BR_June-23,UK_MCON_Prod_AdjRCC_NaveedVideo_75%_Watched_June23,2023-06-07T08:43:09.997,2023-07-20T08:32:32.137,Stopped
MSD_UK,GA_360_vid-watchers-75%_GB,UK_mcon_vid-watchers-75%,2022-11-29T01:56:18.17,2023-04-19T01:41:21.433,Draft
MSD_UK,GA_360_PDF_Download_GB,UK_mcon_doc-download,2022-11-29T01:31:12.757,2022-11-29T01:31:56.623,Draft
MSD_UK,ONC_KEYLUNG_Non-Expressor_StartVCaseStudy1_OCT2022,UK_mcon_prod_nonexpressor_start_case_study_3,2022-10-27T09:34:58.96,2022-11-25T03:48:37.883,Stopped
MSD_UK,ONC_KEYLUNG_Non-Expressor_Wave2_CPDCertificate_Feb-23,UK_mcon_nonexpressor_wave2_reg-login,2023-02-14T03:22:33.07,2023-02-14T03:23:00.46,Draft
MSD_UK,ONC_KEYLUNG_Non-Expresser_CompleteVideo2,UK_mcon_prod_nonexpressor_complete_case_study_2,2022-12-14T09:33:52.32,2022-12-14T09:35:34.53,Published
MSD_UK,ONC_KEYLUNG_Non-Expressor_SingleCertificateJourney,UK_mcon_prod_nonexpressor_playallvideos,2022-11-04T04:23:26.96,2022-11-07T06:13:04.617,Stopped
MSD_UK,GB-DOR-00412_Increase-Confidence-Delstrigo_Single-Certificate_75watch_Feb23,UK_mcon_doravine_watch75,2023-03-02T07:51:42.123,2023-03-02T07:55:36.95,Published
MSD_UK,ONC_KEYLUNG_Non-ExpresserStartVideo3,UK_mcon_prod_nonexpressor_start_case_study_3,2022-12-14T09:36:19.27,2022-12-14T09:38:09.99,Published
MSD_UK,GB-DOR-00411_Increase-Confidence-Delstrigo_Reminder-email_start-video-2_Feb-23,UK_mcon_doravirine_start_laura_video_2,2023-03-01T09:16:40.587,2023-03-02T07:48:46.83,Published
MSD_UK,GB-DOR-00411_Increase-Confidence-Delstrigo_Reminder-email_start-video-4_Feb-23,UK_mcon_doravirine_start_laura_video_4,2023-03-01T09:18:46.877,2023-03-02T07:43:49.867,Published
MSD_UK,ONC_KEYLUNG_Non-Expressor_NotStartCaseStudy2_OCT2022,UK_mcon_prod_nonexpressor_nonwatchvideos_case2,2022-10-21T05:24:11.53,2022-10-21T06:33:28.687,Draft
MSD_UK,GB-DOR-00411_Increase-Confidence-Delstrigo_Reminder-email_visit-page_Feb-23,UK_mcon_doravirine_start_visit_page_laura,2023-03-01T09:20:48.097,2023-03-02T07:39:47.693,Published
MSD_UK,GB-DOR-00411_Increase-Confidence-Delstrigo_Reminder-email_start-video-3_Feb-23,UK_mcon_doravirine_start_laura_video_3,2023-03-01T09:17:31.95,2023-03-02T07:46:13.68,Published
MSD_UK,ONC_KEYLUNG_Non-ExpressorCampaign_StartVideo2,UK_mcon_prod_nonexpressor_start_case_study_2,2022-12-14T09:28:38.37,2022-12-14T09:32:02.08,Published
MSD_Australia,AU_PROD_TEST_75_key,AU_PROD_TEST_75_keytruda_clinical,2022-01-06T22:39:24.627,2022-01-12T23:29:10.73,Stopped
MSD_Australia,Test_AU_GA360_Usecase2,ANZ_mcon_test Document download,2020-12-18T08:23:33.153,2020-12-18T08:51:19.79,Published
MSD_Vietnam,New Journey - October 14 2022 at 4.31 PM,VN_mcon_vaccinesite_HPV_v2,2022-10-14T04:17:25.273,2022-10-14T04:17:44.223,Published
MSD_Vietnam,Test_Chien_GA360Data,VN_mcon_vidwatchers25%_Pediatric Regional vaccines,2022-07-18T00:54:31.873,2022-07-18T02:07:03.127,Draft
MSD_Vietnam,poc_majoy_ga360testing_journey,VN_poc_majoy_ga360testing,2022-09-19T01:15:58.633,2022-09-19T01:17:45.55,Draft
MSD_Vietnam,Pediatric AP Vaccines_Update Infodownloads,VN_mcon_Resumethefun_Inf_download_Pediatric AP Vaccines campaign,2022-08-29T03:51:33.17,2022-09-01T05:20:12.627,Published
MSD_Vietnam,Pediatric AP Vaccines_Update Vidwatchers,VN_mcon_vidwatchers25%_Pediatric AP Vaccines,2022-08-29T03:41:52.863,2022-09-01T05:19:49.99,Published
MSD_Baltics,GA 360 Test Baltics,EE_mcon_prod_document_download,2023-04-04T07:52:01.463,2023-04-04T08:25:03.92,Draft
MSD_Brazil,OO288,BR_mcon_doc-download,2021-07-06T18:27:49.637,2021-07-06T18:30:27.54,Draft
MSD_CEE,PL_NON_00404_PC_AP_AP-1-Jacob_UN_PC+DIA+DIA+2022+05,PL - PROD - mcon - complete - case 2,2022-05-04T13:05:45.213,2023-07-24T05:30:24.67,Stopped
MSD_CEE,PL_NON_00406_PC_IP_IP-2-HalfWay_UN_PC+DIA+DIA+2022+05,PL - PROD - mcon - halfway,2022-05-04T12:51:07.087,2023-07-24T05:31:32.41,Stopped
MSD_CEE,PL_NON_00411_PC_IP_IP-1-NoClick_UN_PC+DIA+DIA+2022+05,PL - PROD - mcon - no click,2022-05-04T05:38:37.693,2023-07-24T05:31:58.547,Stopped
_ParentBU_,New Journey - October 21 2020 5.37 PM,CA_mcon_doc-download,2020-10-21T09:41:52.41,2020-10-22T05:06:14.807,Draft
_ParentBU_,GA Source UK Test,CA_mcon_TEST-doc-download,2020-10-21T09:08:02.55,2020-10-22T02:35:49.33,Draft
_ParentBU_,GA Test IT,IT_mcon_vid-watchers-75%,2020-10-21T09:40:24.34,2020-10-22T05:01:24.78,Draft
_ParentBU_,GA Source Journey,JP_mcon_Document Download,2020-10-21T08:41:23.147,2020-11-24T08:42:00.797,Draft
MSD_Philippines,Demo - GA360 Journey,PH_mcon_KeytrudaPageTraffic,2021-11-08T01:57:20.11,2021-11-09T00:20:35.763,Draft
MSD_Singapore_Brunei,Pediatric Regional Vaccines_update vidwatchers25%,SG_mcon_vidwatchers25%_Pediatric Regional Vaccines_v2,2022-07-18T21:34:16.39,2022-07-18T21:34:48.883,Published
MSD_Singapore_Brunei,Pediatric Regional Vaccines_update wepage visitors,SG_mcon_pageclicks_Pediatric Regional Vaccines_v2,2022-07-18T21:38:56.31,2022-07-18T21:39:19.013,Published
Merck_Canada,GA_360_vid-watchers-75%_CA,CA_mcon_vid-watchers-75%,2023-04-19T01:35:42.133,2023-04-19T01:40:50.313,Draft
Merck_Canada,GA_360_PDF_Download_CA,CA_mcon_doc-download,2023-04-17T09:50:05.287,2023-04-17T09:52:23.157,Draft
Merck_Canada,GA_360_PDF_Download_CA,CA_mcon_doc-download,2023-04-17T07:32:43.73,2023-04-17T07:50:27.123,Draft
Merck_Canada,G9 Visit_Guidelines_FR,CA_CP_PROD_G9_Guidelines_Visit20s_50%scroll_ClickLink,2023-01-27T13:05:39.63,2023-03-10T10:13:10.807,Published
Merck_Canada,GA_360Test_Shai,CA_g9_SFMCGA_04042022,2022-05-11T03:49:42.34,2022-05-11T04:07:40.86,Draft
Merck_Canada,G9 Visit_Resources_EN,CA_CP_PROD_G9_BrandedResources_Visit20s_50%scroll_ClickLink,2023-01-27T13:17:44.907,2023-03-10T10:20:04.52,Published
Merck_Canada,G9 Visit_WPM_EN,CA_CP_PROD_G9_Prevention_Visit20s_50%scroll_ClickLink,2023-01-27T12:53:53.493,2023-03-10T09:28:23.403,Published
Merck_Canada,CA_Mol Omnichannel_Bundle C_J2_July_29_2021,CA_mcon_doc-download,2021-07-29T14:08:18.733,2021-07-30T14:26:03.807,Draft
Merck_Canada,G9 Visit_Conversation_FR,CA_CP_PROD_G9_Conversation_Visit20s_50%scroll_ClickLink,2023-01-27T13:16:41.337,2023-03-10T10:19:09.623,Published
Merck_Canada,G9 Visit_Facts_EN,CA_CP_PROD_G9_Facts_Visit20s_50%scroll_ClickLink,2023-01-27T12:56:55.553,2023-03-10T09:32:58.847,Published
Merck_Canada,CA_Mol GA360_audience_3_July2021,CA_mcon_scroll75%_immuno_4,2021-09-22T09:24:56.147,2021-10-26T02:30:00,Stopped
Merck_Canada,G9 Visit_Conversation_EN,CA_CP_PROD_G9_Conversation_Visit20s_50%scroll_ClickLink,2023-01-27T13:14:19.303,2023-03-10T10:18:11.567,Published
Merck_Canada,New Journey - April 17 2023 at 9.23 PM,CA_mcon_vid-watchers-75%,2023-04-17T09:55:08.86,2023-04-17T09:55:08.86,Draft
Merck_Canada,Testing GA Journey,CA_Test_SFMC-GA_20220111,2022-01-18T13:04:16.183,2022-02-01T15:32:25.46,Stopped
Merck_Canada,G9 Visit_Efficacy_EN,CA_CP_PROD_G9_Efficacy_Visit20s_50%scroll_ClickLink,2023-01-27T13:07:59.437,2023-03-10T10:13:57.823,Published
Merck_Canada,G9 Visit_Tolerability_FR,CA_CP_PROD_G9_Tolerability_Visit20s_50%scroll_ClickLink,2023-01-27T13:13:03.273,2023-03-10T10:16:53.633,Published
Merck_Canada,G9 Visit_Efficacy_FR,CA_CP_PROD_G9_Efficacy_Visit20s_50%scroll_ClickLink,2023-01-27T13:09:13.513,2023-03-10T10:14:47.417,Published
Merck_Canada,New Journey - April 17 2023 at 6.28 PM,CA_mcon_doc-download,2023-04-17T06:59:04.02,2023-04-17T06:59:04.02,Draft
Merck_Canada,CA_Mol GA360_audience_2_July2021,CA_mcon_scroll75%_HIV_3,2021-09-22T09:24:07.897,2021-10-26T02:30:20.17,Stopped
Merck_Canada,G9 Visit_Guidelines_EN,CA_CP_PROD_G9_Guidelines_Visit20s_50%scroll_ClickLink,2023-01-27T13:04:01.35,2023-03-10T10:10:01.787,Published
Merck_Canada,CA_Mol GA360_audience_1_July2021,CA_mcon_scroll75_hpv_test_1,2021-09-27T07:58:14.25,2021-09-27T07:58:14.25,Draft
Merck_Canada,G9 Visit_Resources_FR,CA_CP_PROD_G9_BrandedResources_Visit20s_50%scroll_ClickLink,2023-01-27T13:19:50.397,2023-03-10T10:20:57.797,Published
Merck_Canada,G9 Visit_Tolerability_EN,CA_CP_PROD_G9_Tolerability_Visit20s_50%scroll_ClickLink,2023-01-27T13:11:22.977,2023-03-10T10:16:03.903,Published
Merck_Canada,G9 Visit_WPM_FR,CA_CP_PROD_G9_Prevention_Visit20s_50%scroll_ClickLink,2023-01-27T12:55:17.723,2023-03-10T10:09:11.497,Published
Merck_Canada,G9 Visit_Facts_FR,CA_CP_PROD_G9_Facts_Visit20s_50%scroll_ClickLink,2023-01-27T12:58:59.78,2023-03-10T09:33:49.813,Published
MSD_Portugal,Patient Cases After Platform Case 1 Ana,"PT - PROD - MCON - Patient Cases - Complete ""Case 1 - Ana"" Audience",2021-12-14T11:21:31.803,2022-04-04T09:12:51.137,Published
MSD_Portugal,Patient Cases After Platform Case 1 Ana Teste,"PT - PROD - MCON - Patient Cases - Complete ""Case 1 - Ana"" Audience",2022-02-11T07:22:32.9,2022-04-04T08:28:23.597,Stopped
MSD_Portugal,Prova ,PT - PROD - MCON - Patient Cases - no click Audience,2022-03-14T09:13:14.68,2022-03-14T10:46:45.26,Draft
MSD_Portugal,Patient Cases After Platform Case 3 João BAK,"PT - PROD - MCON - Patient Cases - Complete ""Case 3 - João"" Audience",2022-04-04T08:36:17.397,2022-04-04T08:36:17.397,Draft
MSD_Portugal,Patient Cases_IN_Platform_Halfway though,PT - PROD - MCON - Patient Cases - halfway Audience,2022-02-25T04:29:18.67,2022-04-04T09:10:54.837,Published
MSD_Portugal,Patient Cases_IN_Platform_No click in case_TESTE,PT - PROD - MCON - Patient Cases - no click Audience,2022-01-26T06:09:12.9,2022-04-04T08:26:56.737,Stopped
MSD_Portugal,Patient Cases After Platform Case 1 Ana Bak,"PT - PROD - MCON - Patient Cases - Complete ""Case 1 - Ana"" Audience",2022-04-04T08:31:52.753,2022-04-04T08:31:52.753,Draft
MSD_Portugal,GA-PATIENT CASES_EXAMPLE,test zina,2021-11-09T09:35:06.49,2021-11-09T09:35:29.91,Draft
MSD_Portugal,Patient Cases After Platform Case 2 Maria Teste,"PT - PROD - MCON - Patient Cases - Complete ""Case 2 - Maria"" Audience",2022-02-11T07:30:56.033,2022-04-04T08:30:04.94,Stopped
MSD_Portugal,Patient Cases After Platform Case 3 João,"PT - PROD - MCON - Patient Cases - Complete ""Case 3 - João"" Audience",2022-02-25T05:06:32.46,2022-04-04T09:16:22.36,Published
MSD_Portugal,Patient Cases_IN_Platform_Halfway though_BAK,test zina,2021-12-14T11:20:51.443,2022-01-31T03:02:42.607,Draft
MSD_Portugal,New Journey - February 11 2022 10.08 AM,"PT - PROD - MCON - Patient Cases - Complete ""Case 1 - Ana"" Audience",2022-02-11T04:13:35.613,2022-02-11T05:00:15.73,Draft
MSD_Portugal,Patient Cases_IN_Platform_Halfway though_Bak,PT - PROD - MCON - Patient Cases - halfway Audience,2022-04-04T08:26:15.627,2022-04-04T08:26:15.627,Draft
MSD_Portugal,Patient Cases After Platform Case 2 Maria BAK,"PT - PROD - MCON - Patient Cases - Complete ""Case 2 - Maria"" Audience",2022-04-04T08:34:27.943,2022-04-04T08:34:27.943,Draft
MSD_Portugal,TESTE_ALEX_NAO_APAGAR,test zina,2021-10-21T08:13:47.35,2021-10-21T08:13:47.35,Draft
MSD_Portugal,Patient Cases After Platform Case 2 Maria,"PT - PROD - MCON - Patient Cases - Complete ""Case 2 - Maria"" Audience",2022-02-25T04:55:49.793,2022-04-04T09:14:32.98,Published
MSD_Portugal,Patient Cases After Platform Case 3 João Teste,"PT - PROD - MCON - Patient Cases - Complete ""Case 3 - João"" Audience",2022-02-11T07:32:42.16,2022-04-04T08:30:38.33,Stopped
MSD_Portugal,Patient Cases_IN_Platform_Halfway though_Teste,PT - PROD - MCON - Patient Cases - halfway Audience,2022-01-31T03:02:45.717,2022-04-04T08:27:15.813,Stopped
MSD_Portugal,Patient Cases_IN_Platform_No click in case_Bak,PT - PROD - MCON - Patient Cases - no click Audience,2022-04-04T08:23:59.093,2022-04-04T08:23:59.093,Draft
MSD_Portugal,Patient Cases_IN_Platform_No click in case,PT - PROD - MCON - Patient Cases - no click Audience,2022-02-25T04:21:01.883,2022-04-04T09:03:31.05,Published
LATAM_PROD,GA_DE_name,CL_mcon_doc-download,2020-11-12T09:12:58.61,2020-11-12T09:20:19.76,Draft
MSD_Italy,GA_360_Vid_Watchers_IT,IT_mcon_vid-watchers-75%,2022-11-30T01:01:06.337,2022-11-30T06:46:08.693,Draft
MSD_Italy,GA_360_PDF_Download_IT,IT_mcon_doc-download,2022-11-30T01:03:46.607,2022-11-30T06:31:42.057,Draft
MSD_Spain,J_GA_CV_Diabetes_23,ES_mcon_cv_diabetes_23,2023-05-04T06:59:58.363,2023-05-10T05:29:19.477,Stopped
MSD_Spain,J_GW_cancer_de_cabeza_y_cuello,ES_mcon_cancer_de_cabeza_y_cuello,2022-06-20T00:36:16.093,2023-07-11T06:54:51.697,Published
MSD_Spain,J_GW_cancer_de_ovario,ES_mcon_cancer_de_ovario,2023-07-11T07:12:57.847,2023-07-11T07:14:20.52,Published
MSD_Spain,GA_360_Page_Scroll_ES,ES_mcon_vid-watchers-75%,2023-06-02T01:19:19.01,2023-06-02T01:20:25.567,Draft
MSD_Spain,New Journey - May 3 2022 12.05 PM,ES_MCON_CVDIabetes_2022,2022-05-03T04:36:39.33,2022-05-03T04:36:39.33,Draft
MSD_Spain,J_GW_artritis_psoriasica,ES_mcon_artritis_psoriasica,2022-06-20T00:26:30.123,2022-06-20T00:26:30.123,Draft
MSD_Spain,J_GW_tos_cronica,ES_mcon_tos_cronica,2023-07-11T07:40:17.59,2023-07-11T07:42:54.297,Published
MSD_Spain,J_GW_artritis_reumatoide,ES_mcon_artritis_reumatoide,2023-07-11T04:21:16.4,2023-07-11T04:33:48.047,Published
MSD_Spain,J_GW_cancer_de_pulmon,ES_mcon_cancer_de_pulmon,2023-07-11T07:20:01.49,2023-07-11T07:22:09.513,Published
MSD_Spain,J_GA_Keylife_22,ES_MCON_KEYLIFE_2022_SFMC,2022-05-30T08:18:05.243,2022-05-30T08:18:05.243,Draft
MSD_Spain,J_GW_colitis_ulcerosa,ES_mcon_colitis_ulcerosa,2023-07-11T07:34:19.727,2023-07-11T07:37:37.323,Published
MSD_Spain,Demo_CV_Diabetes,ES_mcon_CV_Diabetes_2021,2021-03-16T02:17:10.683,2021-03-16T02:17:10.683,Draft
MSD_Spain,GA360_PDF_Download_ES,ES_mcon_doc-download,2023-06-02T01:22:55.667,2023-06-02T01:33:48.95,Draft
MSD_Spain,J_GW_citomegalovirus,ES_mcon_citomegalovirus,2022-06-20T05:09:26.78,2023-05-25T08:02:43.943,Stopped
MSD_Spain,J_GA_CV_Vacunas23_retargeting,ES_mcon_cvvacunas_23,2023-01-23T04:21:16.623,2023-02-22T09:48:32.613,Stopped
MSD_Spain,J_GW_hipertension_pulmonar,ES_mcon_hipertension_pulmonar,2023-07-11T07:11:07.477,2023-07-11T07:19:07.117,Published
MSD_Spain,GA_360_Page_Scroll_ES,ES_mcon_vid-watchers-75%,2023-06-02T01:11:58.62,2023-06-02T01:16:17.877,Draft
MSD_Spain,J_GW_ diabetes,ES_mcon_diabetes,2023-07-11T07:56:39.09,2023-07-11T07:58:20.34,Published
MSD_Spain,GA_Pathologies_Test_1,ES_mcon_Patologies,2022-01-18T04:09:09.467,2022-01-18T04:09:09.467,Draft
MSD_Spain,J_GW_ covid19,ES_mcon_covid19,2023-07-11T07:47:46.523,2023-07-11T07:51:04.953,Published
MSD_Spain,J_GW_cancer_de_rinon,ES_mcon_cancer_de_rinon,2023-07-11T07:04:09.167,2023-07-11T07:07:56.223,Published
MSD_Spain,J_GW_cancer_de_prostata,ES_mcon_cancer_de_prostata,2023-07-11T07:15:42.263,2023-07-11T07:17:26.463,Published
MSD_Spain,J_GW_infecciones_bacterianas,ES_mcon_infecciones_bacterianas,2023-07-11T07:20:49.15,2023-07-11T07:23:29.287,Published
MSD_Spain,J_GW_ clostridium,ES_mcon_clostridium,2023-07-11T07:19:32.62,2023-07-11T07:25:24.44,Published
MSD_Spain,J_GW_hepatitis_c,ES_mcon_hepatitis_c,2022-06-21T04:11:56.023,2023-05-25T08:00:24.027,Stopped
MSD_Spain,J_OE_Retargeting_CV_Diabetes21,ES_mcon_CV_Diabetes_2021,2021-03-22T05:56:47.99,2021-05-26T04:30:30.343,Stopped
MSD_Spain,J_GW_cancer_de_vejiga,ES_mcon_cancer_de_vejiga,2023-07-11T07:22:54.99,2023-07-11T07:24:02.013,Published
MSD_Spain,J_GW_cancer_de_higado,ES_mcon_cancer_de_higado,2023-07-11T06:57:01.397,2023-07-11T07:00:39.947,Published
MSD_Spain,New Journey - June 2 2023 at 12.12 PM,ES_mcon_vid-watchers-75%,2023-06-02T00:49:46.973,2023-06-02T01:03:57.317,Draft
MSD_Spain,J_GW_espondilitis_axial,ES_mcon_espondilitis_axial,2022-06-21T03:55:29.627,2023-05-25T08:00:43.753,Stopped
MSD_Spain,J_GW_vih_sida,ES_mcon_vih_sida,2023-07-11T07:11:09.73,2023-07-11T07:13:38.467,Published
MSD_Spain,J_GW_cancer_de_mama_2,ES_mcon_cancer_de_mama,2022-07-05T02:57:16.587,2023-05-25T07:58:36.307,Stopped
MSD_Spain,J_OE_Remarketing_COVID_UPA,ES_mcon_COVID_UPA_Event,2021-02-17T03:08:33.74,2021-03-29T02:10:58.007,Stopped
MSD_Spain,J_Test_OE_Remarketing_COVID_UPA,ES_mcon_COVID_UPA_Event,2021-03-03T05:24:25.31,2021-05-26T04:35:28.39,Stopped
MSD_Spain,J_GW_melanoma,ES_mcon_melanoma,2023-07-11T07:28:36.89,2023-07-11T07:35:11.18,Published
MSD_Spain,J_GW_cancer_de_mama,ES_mcon_cancer_de_mama,2022-07-05T02:39:22.89,2023-07-11T07:12:09.02,Published
MSD_Spain,TEST_J_GW_artritis_psoriasica,ES_mcon_artritis_psoriasica,2022-06-17T02:10:10.7,2023-05-10T05:42:06.94,Stopped
MSD_France,Audience1-FR-GOL-00030-PDF 1,Audience Retargeting Gastro Brochure Certificats Bilingues PDF 1,2023-11-14T11:39:03.54,2023-11-24T04:04:52.03,Draft
MSD_France,Audience1-FR-GOL-00030-PDF1,Audience Retargeting Gastro Brochure Certificats Bilingues PDF 1,2023-12-11T09:00:39.083,2023-12-11T09:06:10.517,Published
MSD_France,New Journey - October 31 2023 at 2.02 PM,Audience Retargeting Rhumato Brochure Spondylarthrite ankylosante soutenir un proche malade,2023-10-31T07:05:52.357,2023-10-31T07:05:52.357,Draft
MSD_France,Audience1-FR-GOL-00030-PDF 2,Audience Retargeting Rhumato Brochure Certificats Medicaux bilingues PDF 2,2023-11-02T13:53:42.877,2023-11-23T02:29:46.927,Published
MSD_France,Audience5-FR-VAX-00273 (Rhumato Brochure),Audience Retargeting Rhumato Brochure Vaccination des patients traites par immunosuppresseurs,2023-12-11T14:27:17.357,2023-12-11T14:33:09.72,Published
MSD_France,Audience13-FR-GOL-00668,Audience Retargeting Rhumato Brochure Clés de rhumatisme psoriasique et parler de sa maladie,2023-11-03T02:10:36.223,2023-12-11T13:50:31.45,Published
MSD_France,Audience4-FR-GOL-00179,Audience Retargeting Gastro Brochure Paroles de Patients,2023-11-03T01:59:19.95,2023-11-23T03:50:45.763,Published
MSD_France,Audience10-FR-GOL-00190,Audience Retargeting Rhumato Brochure Spondylarthrite Anlylosante c'est quoi,2023-11-03T01:21:33.557,2023-11-23T14:38:39.61,Published
MSD_France,Audience12-FR-GOL-00670,Audience Retargeting Rhumato Brochure Spondylarthrite ankylosante soutenir un proche malade,2023-11-03T01:33:43.967,2023-11-24T08:47:02.977,Published
MSD_France,Audience14-FR-GOL-00671,FR_mcon_Audience Retargeting Rhumato comprendre le rhumatisme psoriasique et soutenir un proche malade,2023-12-11T14:38:33.72,2023-12-11T14:47:24.193,Published
MSD_France,Audience11-FR-GOL-00667,Audience Retargeting Rhumato Brochure Clés de la spondylarthrite ankylosante et parler de sa maladie,2023-11-03T01:29:50.323,2023-12-11T13:46:13.827,Published
MSD_France,Audience5-FR-VAX-00273,Audience Retargeting Gastro Brochure Vaccination par immunosuppresseurs pour une maladie autoimmune ou inflammatoire,2023-11-03T02:04:36.38,2023-11-23T04:29:39.783,Published
MSD_France,Audience15-FR-GOL-00241,Audience Retargeting Rhumato Brochure Résumé des ateliers avenir 2019,2023-12-11T09:06:30.99,2023-12-11T09:37:28.477,Published
MSD_France,Audience6-FR-GOL-00176,Audience Retargeting Gastro Brochure Score UCEIS,2023-11-03T02:07:04.797,2023-11-23T04:33:36.46,Published
MSD_France,GA360_PDF_Download_FR,FR_mcon_doc-download,2023-04-18T00:21:49.42,2023-04-18T01:03:46.59,Draft
MSD_France,Audience15-FR-GOL-00241-Delete,Audience Retargeting Rhumato Brochure Résumé des ateliers avenir 2019,2023-11-23T10:21:33.673,2023-11-23T10:22:16.377,Draft
MSD_France,Audience8-FR-GOL-00672,Audience Retargeting Rhumato Brochure Cles pour parler de sa maladie polyarthrite rhumatoide,2023-11-02T14:01:04.523,2023-11-23T15:58:30.357,Published
MSD_France,Audience2-FR-GOL-00150,Audience Retargeting Gastro Brochure On Ira au bout du monde,2023-11-03T01:53:28.997,2023-11-23T04:22:21.87,Published
MSD_France,Audience3-FR-GOL-00049,Audience Retargeting Gastro Brochure MICI et Sexualite Parlons en,2023-11-03T01:56:10.17,2023-12-11T12:58:02.057,Published
MSD_France,Audience9-FR-GOL-00669,Audience Retargeting Rhumato Brochure Clés de la polyarthrite rhumatoide et soutenir un proche,2023-11-03T01:19:04.623,2023-12-11T13:36:34.803,Published
MSD_France,GA_360_Page_Scroll_FR,FR_mcon_vid-watchers-75%,2023-04-18T01:06:42.577,2023-04-18T01:06:42.577,Draft
MSD_France,Audience7-FR-GOL-00941,Audience Retargeting Rhumato Brochure Une vie à deux,2023-11-02T13:58:30.45,2023-12-11T13:14:03.057,Published
MSD_Greece,GR_JOURNEY_ABs-omni_RECARBRIO_Spec_HAC_ANB_2022-10_GAresistance_v2,GR - PROD - mcon - Recarbrio_resistance_mechanism,2022-12-08T10:51:43.873,2022-12-16T08:18:11.153,Published
MSD_Greece, GR_JOURNEY_Symphony_GA-connector_Spec_IMU_OTH_2022-09_GA_Test4,GR - PROD - mcon - SimponiSimplicity,2022-10-11T05:17:21.26,2022-10-11T05:27:49.253,Published
MSD_Greece,GR_JOURNEY_Immunopedia_Vaccination_Spec_IMU_OTH_2023-08_2nd_video_GA2,GR - PROD - mcon - Immunopedia_vaccination,2023-08-29T03:18:28.36,2023-09-07T02:55:59.267,Published
MSD_Greece, GA connector Testing - no clickers - 2,No_clickers_test,2021-10-06T04:56:32.25,2021-10-20T09:02:10.487,Stopped
MSD_Greece,GR_JOURNEY_ABs-omni_ZERBAXA_Spec_HAC_ANB_2022-10_GAdirect,GR - PROD - mcon - Zerbaxa_direct,2022-12-07T10:58:36.453,2022-12-30T07:14:44.78,Published
MSD_Greece,el-GR_EM_Diab_DIA_DIA_JNV_OTH_2021_11_Patient Cases_finish_case_2_suffix_test_2,GR - PROD - mcon - complete - case 2,2021-11-26T10:34:55.653,2021-12-10T06:37:08.13,Stopped
MSD_Greece,GR_JOURNEY_ABs-omni_ZERBAXA_Spec_HAC_ANB_2022-10_GAmechan_v2,GR - PROD - mcon - Zerbaxa_mechan,2022-12-08T11:02:29.01,2022-12-16T07:22:24.093,Published
MSD_Greece,el-GR_EM_Diab_DIA_DIA_JNV_OTH_2021_11_Patient Cases_in_portal_half_way_suffix_test_2,GR - PROD - mcon - halfway,2021-11-26T05:31:51.407,2021-12-10T06:36:42.223,Stopped
MSD_Greece,el-GR_EM_Diab_DIA_DIA_JNV_OTH_2021_11_Patient Cases_finish_case_2_suffix_test,GR - DEV - mcon - complete - case 2,2021-11-17T00:45:42.367,2021-11-25T06:06:29.99,Stopped
MSD_Greece,el-GR_EM_Diab_DIA_DIA_JNV_OTH_2021_11_Patient Cases_in_portal_half_way_suffix_test,GR - PROD - mcon - halfway,2021-11-19T02:32:29.043,2021-11-26T05:31:30.313,Stopped
MSD_Greece,el-GR_EM_Diab_DIA_DIA_JNV_OTH_2021_11_Patient Cases_in_portal_no_click,GR - PROD - mcon - no click,2021-11-29T10:42:06.997,2022-02-16T03:50:02.907,Stopped
MSD_Greece,el-GR_EM_Diab_DIA_DIA_JNV_OTH_2021_11_Patient Cases_finish_case_1_suffix_test,GR - DEV - mcon - complete - case 1,2021-11-11T22:35:28.113,2021-11-25T06:06:06.24,Stopped
MSD_Greece, el-GR_EM_Diab_DIA_DIA_JNV_OTH_2021_11_Patient Cases_finish_case_3_suffix_test_2,GR - PROD - mcon - complete - case 3,2021-11-25T05:42:59.11,2021-11-26T10:44:53.61,Stopped
MSD_Greece, GA connector Testing - click 1st button,Button_1_test,2021-09-22T10:08:35.323,2021-10-06T04:57:08.64,Stopped
MSD_Greece,GR_JOURNEY_ABs-omni_RECARBRIO_Spec_HAC_ANB_2022-10_GAmechanism_v2,GR - PROD - mcon - Recarbrio_mechanism_action,2022-12-08T10:53:05.593,2022-12-16T08:11:01.137,Published
MSD_Greece,GR_JOURNEY_ABs-omni_RECARBRIO_Spec_HAC_ANB_2022-10_GAindications,GR - PROD - mcon - Recarbrio_indications,2022-12-07T11:07:03.03,2022-12-30T07:29:47.683,Published
MSD_Greece,GR_JOURNEY_Symphony2_Spec_IMU_OTH_2023-09_GA_Biologic_GBTurkey_v2,GR - PROD - mcon - Simponi - 1or2biologic,2023-09-19T06:38:21.447,2023-09-19T07:14:20.143,Published
MSD_Greece,GR_JOURNEY_ABs-omni_RECARBRIO_Spec_HAC_ANB_2022-10_GAresistancemechan,GR - PROD - mcon - Recarbrio_resistance_mechanism,2022-12-07T11:07:26.217,2022-12-30T07:34:49.09,Published
MSD_Greece,GR_JOURNEY_Immunopedia_Pregnancy_Spec_IMU_OTH_2023-08_3rd_video_GA3,GR - PROD - mcon - Immunopedia_pregnancy,2023-11-23T03:04:08.14,2023-11-24T08:02:54.817,Published
MSD_Greece,GR_JOURNEY_ABs-omni_ZERBAXA_Spec_HAC_ANB_2022-10_GAmechan,GR - PROD - mcon - Zerbaxa_mechan,2022-12-07T10:47:42.66,2022-12-30T07:04:42.037,Published
MSD_Greece,el-GR_EM_Diab_DIA_DIA_JNV_OTH_2021_11_Patient Cases_finish_case_4,GR - PROD - mcon - complete - case 4,2021-11-30T02:30:51.743,2022-02-16T03:48:45.703,Stopped
MSD_Greece, GA connector Testing - click 2nd button,Button_2_test,2021-09-22T10:15:44.797,2021-10-06T04:57:35.78,Stopped
MSD_Greece,GR_JOURNEY_ABs-omni_RECARBRIO_Spec_HAC_ANB_2022-10_GAguidelines,GR - PROD - mcon - Recarbrio_guidelines,2022-12-07T11:08:55.377,2022-12-30T07:24:46.723,Published
MSD_Greece,GR_JOURNEY_Symphony2_Spec_IMU_OTH_2023-09_GA_TNF_GBSpain_v2,GR - PROD - mcon - Simponi - afterantiTNF,2023-09-19T06:33:42.933,2023-09-19T07:12:33.89,Published
MSD_Greece,el-GR_EM_Diab_DIA_DIA_JNV_OTH_2021_11_Patient Cases_finish_case_1,GR - PROD - mcon - complete - case 1,2021-11-30T02:29:11.137,2022-02-16T03:49:28.517,Stopped
MSD_Greece,el-GR_EM_Diab_DIA_DIA_JNV_OTH_2021_11_Patient Cases_in_portal_no_click_suffix_test_2,GR - PROD - mcon - no click,2021-11-26T05:27:14.39,2021-12-10T06:40:40.333,Stopped
MSD_Greece,el-GR_EM_Diab_DIA_DIA_JNV_OTH_2021_11_Patient Cases_finish_case_3_suffix_test_3,GR - PROD - mcon - complete - case 4,2021-11-26T10:43:35.547,2021-12-10T06:37:29.927,Stopped
MSD_Greece,el-GR_EM_Diab_DIA_DIA_JNV_OTH_2021_11_Patient Cases_finish_case_2,GR - PROD - mcon - complete - case 2,2021-11-30T02:26:52.933,2022-02-16T03:49:00.08,Stopped
MSD_Greece,GR_JOURNEY_ABs-omni_RECARBRIO_Spec_HAC_ANB_2022-10_GAmechanism,GR - PROD - mcon - Recarbrio_mechanism_action,2022-12-07T11:10:00.53,2022-12-30T07:24:46.693,Published
MSD_Greece,GR_JOURNEY_Symphony_GA-connector_Spec_IMU_OTH_2022-09_GA_Test2,GR - PROD - mcon - SimponiSimplicity,2022-10-10T03:26:00.603,2022-10-11T01:45:52.66,Stopped
MSD_Greece,GR_JOURNEY_ABs-omni_ZERBAXA_Spec_HAC_ANB_2022-10_GAadmin,GR - PROD - mcon - Zerbaxa_admin,2022-12-07T10:55:40.82,2022-12-30T07:14:44.827,Published
MSD_Greece, GA connector Testing - no clickers,No_clickers_test,2021-06-22T05:44:02.35,2021-10-06T04:56:40.937,Stopped
MSD_Greece, GA connector Testing - click 2nd button - 2,Button_2_test,2021-10-06T04:57:30.703,2021-10-20T09:02:41.813,Stopped
MSD_Greece,GR_JOURNEY_Symphony2_Spec_IMU_OTH_2023-09_GA_Biologic_GBTurkey,GR - PROD - mcon - Simponi - 1or2biologic,2023-08-03T05:28:46.063,2023-08-03T05:30:04.51,Draft
MSD_Greece,GR_JOURNEY_Symphony2_Spec_IMU_OTH_2023-09_GA_biobad,GR - PROD - mcon - Simponi - 7years,2023-08-03T05:21:11.427,2023-08-31T06:02:24.59,Stopped
MSD_Greece,el-GR_EM_Diab_DIA_DIA_JNV_OTH_2021_11_Patient Cases_in_portal_no_click_suffix_test,GR - PROD - mcon - no click,2021-11-19T01:20:21.49,2021-11-26T05:31:07.843,Stopped
MSD_Greece,GR_JOURNEY_ABs-omni_RECARBRIO_Spec_HAC_ANB_2022-10_GAindications_v2,GR - PROD - mcon - Recarbrio_indications,2022-12-08T10:48:43.743,2022-12-16T08:00:00.21,Published
MSD_Greece,GR_JOURNEY_ABs-omni_ZERBAXA_Spec_HAC_ANB_2022-10_GAadmin_v2,GR - PROD - mcon - Zerbaxa_admin,2022-12-08T11:00:52.663,2022-12-16T07:17:35.72,Published
MSD_Greece,shai_test_PC_user_quiz2,GR_prod_test_100%scroll_user,2022-01-12T07:14:24.27,2022-01-17T02:40:04.223,Draft
MSD_Greece,el-GR_EM_Diab_DIA_DIA_JNV_OTH_2021_11_Patient Cases_finish_case_3_suffix_test,GR - DEV - mcon - complete - case 3,2021-11-17T00:47:10.32,2021-11-25T06:05:51.897,Stopped
MSD_Greece,el-GR_EM_Diab_DIA_DIA_JNV_OTH_2021_11_Patient Cases_finish_case_1_suffix_test_2,GR - PROD - mcon - complete - case 1,2021-11-25T05:56:37.583,2021-12-10T06:41:20.223,Stopped
MSD_Greece,el-GR_EM_Diab_DIA_DIA_JNV_OTH_2021_11_Patient Cases_in_portal_half_way,GR - PROD - mcon - halfway,2021-11-29T10:49:25.23,2022-02-16T03:50:26.687,Stopped
MSD_Greece,GR_JOURNEY_Symphony2_Spec_IMU_OTH_2023-09_GA_biobad_f,GR - PROD - mcon - Simponi - 7years,2023-08-30T02:57:32.433,2023-08-30T02:59:10.067,Published
MSD_Greece,GR_JOURNEY_Symphony2_Spec_IMU_OTH_2023-09_GA_biobad_v2,GR - PROD - mcon - Simponi - 7years,2023-09-19T06:32:22.88,2023-09-19T07:11:33.767,Published
MSD_Greece,GR_JOURNEY_Immunopedia_exercise_Spec_IMU_OTH_2023-06_1stvideo_GA1,GR - PROD - mcon - Immunopedia_exercise,2023-06-30T05:56:51.99,2023-06-30T05:58:12.24,Published
MSD_Greece,GR_JOURNEY_ABs-omni_RECARBRIO_Spec_HAC_ANB_2022-10_GAguidelines_v2,GR - PROD - mcon - Recarbrio_guidelines,2022-12-08T10:50:17.307,2022-12-16T08:07:37.667,Published
MSD_Greece, GA connector Testing - click 1st button - 2,Button_1_test,2021-10-06T04:57:03.33,2021-10-20T09:02:26.267,Stopped
MSD_Greece,GR_JOURNEY_Symphony_GA-connector_Spec_IMU_OTH_2022-09_GA_Test3,GR - PROD - mcon - SimponiSimplicity,2022-10-10T10:59:21.133,2022-10-11T01:45:37.49,Stopped
MSD_Greece,GR_JOURNEY_Symphony2_Spec_IMU_OTH_2023-09_GA_TNF_GBSpain,GR - PROD - mcon - Simponi - afterantiTNF,2023-08-03T05:26:20.91,2023-08-03T05:28:04.85,Draft
MSD_Greece,GR_JOURNEY_Symphony_GA-connector_Spec_IMU_OTH_2022-09_GA_Test,GR - PROD - mcon - SimponiSimplicity,2022-10-06T09:06:11.693,2022-10-10T10:57:59.423,Stopped
MSD_Greece,GR_Test360_Shai,GR_prod_test_shai_vva,2022-03-17T02:52:45.687,2023-09-14T07:08:49.24,Draft
MSD_Greece,GR_JOURNEY_ABs-omni_ZERBAXA_Spec_HAC_ANB_2022-10_GAdirect_v2,GR - PROD - mcon - Zerbaxa_direct,2022-12-08T11:00:28.74,2022-12-16T07:15:20.483,Published
MSD_Thailand,RTFM_GA360_Info download,TH_mcon_monster inf download_Resume the Fun Moment,2022-05-08T00:15:08.853,2022-05-18T01:31:47.65,Draft
MSD_Thailand,RTFM_GA 360_vidwatchers25%,TH_mcon_vidwatchers25%_Resume the Fun Moment,2022-05-08T00:06:50.103,2022-05-18T01:29:20.253,Draft
MSD_Germany,GA360 Check Journey,DE_mcon_vid-watchers-75%,2023-06-02T05:51:20.06,2023-06-02T06:25:15.017,Draft
MSD_Germany,GA_360_vid-watchers-75%_DE,DE_mcon_vid-watchers-75%,2023-06-05T05:23:54.13,2023-06-05T05:23:54.13,Draft
MSD_Germany,ga-retrieve-audience,DE_mcon_pagevisits_medizin_pneumokokken_impfung,2022-04-21T00:34:58.637,2022-04-21T02:04:10.787,Draft
MSD_Belgium,CANCELLED_fr-BE+nl-BE_JOURNEY_KEY_Branded Commercial_2020_10_Onco-Airport-4-LUNG-GA360-Follow-up-MoAvideo,BE_mcon_vid-watchers-50%-MoAvideo_Onco-Airport4-LUNG,2020-09-24T06:25:35.78,2020-10-05T06:57:18.21,Draft
MSD_Belgium,GA360 Test-2,BE_mcon_test PDF download,2020-09-16T03:23:41.777,2020-09-18T05:31:42.973,Draft
MSD_Belgium,TEST-fr-BE+nl-BE_JOURNEY_Branded Commercial_2022_03_PneumoVideoBrandChoice-GA360,BE_MConnect_Pneumo Video Brand Choice,2022-03-10T05:56:21.683,2022-03-10T09:23:44.203,Draft
MSD_Belgium,CANCELLED_fr-BE+nl-BE_JOURNEY_KEY_Branded Commercial_2020_10_Onco-Airport-4-LUNG-GA360-Follow-up-KSLvideo,BE_mcon_vid-watchers-50%-KSLvideo_Onco-Airport4-LUNG,2020-09-21T06:45:25.767,2020-10-05T06:57:42.837,Draft
